;dni_od_zakupu;ocena
0;1;2.5
1;2;2.388888888888889
2;3;2.576923076923077
3;4;2.4864864864864864
4;5;2.3979591836734695
5;6;2.2847222222222223
6;7;2.4
7;8;2.2803030303030303
8;9;2.3404255319148937
9;10;2.2857142857142856
10;11;2.75
11;12;2.25
12;13;1.9285714285714286
13;14;2.6666666666666665
14;15;2.5
